{"cameraMode":{"drawMode":0,"name":"Shaded","section":"Shading Mode"},"sceneLighting":true,"audioPlay":false,"sceneViewState":{"m_AlwaysRefresh":false,"showFog":true,"showSkybox":true,"showFlares":true,"showImageEffects":true,"showParticleSystems":true,"showVisualEffectGraphs":true,"m_FxEnabled":true},"in2DMode":false,"pivot":{"x":-14.077014923095704,"y":13.650578498840332,"z":1.5816941261291505},"rotation":{"x":0.32311999797821047,"y":0.6068552732467651,"z":-0.29562291502952578,"w":0.6632891893386841},"size":0.8660253882408142,"orthographic":false}